software,total_mem_TB_hours,vmem_frac_used,cpu_hours,practical_wallclock_days,active_wallclock_days,gpu_hours,max_concurrent_cpus,max_concurrent_vmem
BiocMAP,0.351942001467628,0.74080581314331,105.904633611111,1.53114583333333,1.06556712962963,8.6875,26,3.40724e+11
MethylSeq,4.43243926187111,0.607430804878049,1527.14278305556,7.23621527777778,7.23621527777778,0,72,72986074000
